,6-nt,8-nt,10-nt,12-nt,14-nt,16-nt,18-nt,Type
ARG100_ASP94,1.0,1.0,1.0,1.0,1.0,1.0,1.0,SaltBridge_Prot-Prot
ARG74_sgRNA1386,1.0,1.0,1.0,1.0,1.0,1.0,1.0,SaltBridge_Prot-NA
ARG70_sgRNA1385,1.0,1.0,1.0,1.0,1.0,1.0,1.0,SaltBridge_Prot-NA
ARG70_sgRNA1431,1.0,1.0,0.998,1.0,0.999,1.0,1.0,SaltBridge_Prot-NA
ARG691_ASP686,1.0,0.999,1.0,1.0,1.0,0.999,0.966,SaltBridge_Prot-Prot
ARG69_sgRNA1432,1.0,0.984,0.992,0.999,0.982,0.999,1.0,SaltBridge_Prot-NA
ARG139_GLU418,1.0,1.0,1.0,1.0,1.0,1.0,1.0,SaltBridge_Prot-Prot
ARG66_sgRNA1385,1.0,1.0,0.907,1.0,1.0,1.0,1.0,SaltBridge_Prot-NA
ARG165_sgRNA1388,0.999,0.999,1.0,1.0,1.0,1.0,1.0,SaltBridge_Prot-NA
ARG1359_GLU1205,0.999,0.952,0.79,0.739,0.866,0.989,0.979,SaltBridge_Prot-Prot
ARG74_sgRNA1387,0.999,0.999,0.998,0.999,1.0,1.0,0.998,SaltBridge_Prot-NA
ARG691_ASP699,0.999,0.999,0.999,0.998,0.998,0.999,0.996,SaltBridge_Prot-Prot
ARG403_sgRNA1416,0.998,1.0,0.998,1.0,1.0,1.0,1.0,SaltBridge_Prot-NA
ARG152_ASP150,0.997,0.996,0.997,0.999,1.0,1.0,0.999,SaltBridge_Prot-Prot
ARG74_sgRNA1430,0.997,0.985,1.0,1.0,0.99,0.997,1.0,SaltBridge_Prot-NA
ARG70_sgRNA1386,0.996,0.983,0.994,0.999,0.998,1.0,0.999,SaltBridge_Prot-NA
ARG66_sgRNA1384,0.996,0.824,0.625,0.85,0.898,0.796,0.682,SaltBridge_Prot-NA
LYS163_sgRNA1418,0.995,0.995,0.997,0.998,0.998,0.999,0.999,SaltBridge_Prot-NA
ASP986_LYS974,0.993,0.991,0.972,0.913,0.99,0.884,0.872,SaltBridge_Prot-Prot
ASP331_LYS392,0.992,0.994,0.994,0.993,0.993,0.994,0.996,SaltBridge_Prot-Prot
ARG967_ASP986,0.987,0.999,0.985,1.0,0.979,0.995,0.997,SaltBridge_Prot-Prot
GLU1064_LYS1076,0.985,0.998,0.661,0.942,0.996,0.783,0.87,SaltBridge_Prot-Prot
GLU1357_LYS45,0.983,0.948,0.975,0.944,0.974,0.985,0.931,SaltBridge_Prot-Prot
ARG1359_GLU1357,0.981,0.954,0.892,0.902,0.86,0.893,0.84,SaltBridge_Prot-Prot
ARG864_ASP839,0.979,1.0,1.0,1.0,0.994,1.0,1.0,SaltBridge_Prot-Prot
ARG1078_ASP1079,0.977,0.978,0.9,0.961,0.945,0.98,0.986,SaltBridge_Prot-Prot
LYS76_sgRNA1419,0.977,0.971,0.971,0.978,0.978,0.976,0.983,SaltBridge_Prot-NA
ARG951_ASP936,0.977,0.973,0.946,0.984,0.993,0.994,0.93,SaltBridge_Prot-Prot
ARG340_sgRNA1410,0.967,0.774,0.907,0.947,0.906,0.837,0.921,SaltBridge_Prot-NA
LYS163_sgRNA1417,0.964,0.985,0.893,0.929,0.981,0.913,0.964,SaltBridge_Prot-NA
ASP1344_LYS1161,0.964,0.968,0.983,0.963,0.977,0.976,0.941,SaltBridge_Prot-Prot
GLU633_LYS652,0.963,0.965,0.931,0.958,0.964,0.966,0.945,SaltBridge_Prot-Prot
ARG340_sgRNA1411,0.962,0.976,0.987,0.993,0.995,0.986,0.963,SaltBridge_Prot-NA
ARG400_ASP406,0.962,0.961,0.947,0.935,0.951,0.869,0.931,SaltBridge_Prot-Prot
LYS30_sgRNA1453,0.96,0.963,0.963,0.866,0.918,0.981,0.986,SaltBridge_Prot-NA
ARG557_ASP596,0.948,0.738,0.802,0.815,0.65,0.838,0.79,SaltBridge_Prot-Prot
ARG1298_ASP1267,0.94,0.945,0.96,0.944,0.942,0.95,0.936,SaltBridge_Prot-Prot
ARG1303_GLU1307,0.933,0.915,0.748,0.947,0.95,0.541,0.859,SaltBridge_Prot-Prot
ASP110_LYS1130,0.93,0.982,0.949,0.977,0.972,0.935,0.942,SaltBridge_Prot-Prot
GLU1064_LYS1000,0.929,0.823,0.953,0.606,0.953,0.857,0.67,SaltBridge_Prot-Prot
ARG403_sgRNA1390,0.927,1.0,1.0,0.999,0.999,1.0,1.0,SaltBridge_Prot-NA
ASP965_LYS961,0.927,0.871,0.759,0.883,0.73,0.626,0.93,SaltBridge_Prot-Prot
HIS160_sgRNA1416,0.923,1.0,0.761,0.998,0.997,1.0,0.834,SaltBridge_Prot-NA
ARG938_ASP745,0.907,0.89,0.909,0.892,0.892,0.9,0.927,SaltBridge_Prot-Prot
ARG78_sgRNA1388,0.905,0.834,0.904,0.865,0.878,0.929,0.926,SaltBridge_Prot-NA
GLU102_LYS76,0.89,0.912,0.885,0.914,0.91,0.842,0.927,SaltBridge_Prot-Prot
ARG1171_GLU1175,0.868,0.876,0.91,0.897,0.906,0.875,0.738,SaltBridge_Prot-Prot
GLU1108_LYS65,0.866,0.785,0.71,0.747,0.819,0.875,0.785,SaltBridge_Prot-Prot
GLU1260_LYS1263,0.863,0.891,0.769,0.867,0.807,0.859,0.786,SaltBridge_Prot-Prot
ASP608_LYS554,0.848,0.914,0.918,0.937,0.896,0.873,0.922,SaltBridge_Prot-Prot
ARG437_GLU427,0.844,0.846,0.928,0.833,0.929,0.847,0.786,SaltBridge_Prot-Prot
GLU952_LYS755,0.842,0.919,0.808,0.777,0.825,0.92,0.567,SaltBridge_Prot-Prot
ARG1335_GLU1219,0.84,0.996,0.941,1.0,1.0,0.997,0.963,SaltBridge_Prot-Prot
ARG753_sgRNA1450,0.836,0.808,0.86,0.923,0.868,0.71,0.821,SaltBridge_Prot-NA
ARG654_ASP596,0.835,0.724,0.675,0.527,0.698,0.762,0.641,SaltBridge_Prot-Prot
GLU1170_LYS1185,0.833,0.811,0.781,0.851,0.799,0.856,0.804,SaltBridge_Prot-Prot
ARG820_ASP825,0.829,0.824,0.877,0.843,0.866,0.896,0.823,SaltBridge_Prot-Prot
ARG467_sgRNA1429,0.824,0.955,0.968,0.928,0.931,0.836,0.932,SaltBridge_Prot-NA
ARG115_sgRNA1397,0.814,0.779,0.817,0.807,0.875,0.799,0.782,SaltBridge_Prot-NA
ASP353_LYS356,0.797,0.818,0.829,0.805,0.82,0.811,0.781,SaltBridge_Prot-Prot
LYS1113_sgRNA1395,0.776,0.932,0.65,0.935,0.872,0.605,0.644,SaltBridge_Prot-NA
ARG40_sgRNA1462,0.767,0.851,0.868,0.802,0.814,0.837,0.827,SaltBridge_Prot-NA
GLU904_LYS880,0.765,0.798,0.833,0.852,0.801,0.82,0.834,SaltBridge_Prot-Prot
GLU89_LYS92,0.755,0.749,0.764,0.754,0.767,0.768,0.764,SaltBridge_Prot-Prot
GLU952_LYS942,0.746,0.772,0.678,0.693,0.716,0.792,0.575,SaltBridge_Prot-Prot
ARG832_ASP835,0.739,0.724,0.744,0.771,0.75,0.754,0.786,SaltBridge_Prot-Prot
GLU327_LYS392,0.734,0.67,0.668,0.694,0.737,0.647,0.691,SaltBridge_Prot-Prot
LYS348_sgRNA1409,0.717,0.645,0.786,0.786,0.767,0.719,0.718,SaltBridge_Prot-NA
ARG152_ASP94,0.712,0.608,0.569,0.709,0.57,0.689,0.548,SaltBridge_Prot-Prot
GLU566_LYS570,0.712,0.804,0.73,0.748,0.74,0.818,0.723,SaltBridge_Prot-Prot
ASP144_LYS140,0.664,0.748,0.896,0.839,0.957,0.836,0.763,SaltBridge_Prot-Prot
ASP298_LYS294,0.661,0.872,0.818,0.948,0.867,0.86,0.867,SaltBridge_Prot-Prot
GLU441_HIS420,0.657,0.509,0.612,0.733,0.689,0.664,0.671,SaltBridge_Prot-Prot
GLU479_LYS484,0.657,0.662,0.603,0.553,0.571,0.569,0.524,SaltBridge_Prot-Prot
GLU223_LYS234,0.641,0.556,0.932,0.714,0.64,0.694,0.65,SaltBridge_Prot-Prot
GLU634_LYS637,0.635,0.674,0.704,0.644,0.567,0.724,0.614,SaltBridge_Prot-Prot
LYS336_sgRNA1412,0.633,0.735,0.592,0.713,0.586,0.685,0.812,SaltBridge_Prot-NA
ARG753_sgRNA1449,0.609,0.632,0.695,0.682,0.685,0.741,0.849,SaltBridge_Prot-NA
GLU371_LYS374,0.552,0.592,0.592,0.538,0.51,0.586,0.6,SaltBridge_Prot-Prot
